ilteration, x(1), x(2), x(3), Infinity Norm F(x)
0, 1, 1, 1, 3.0
0, 1.4285714285714286, 0.1428571428571428, 1.4285714285714286, 0.708454810495627
1, 1.4401111728738187, 0.4930516953863257, 1.4133129516398, 0.015152165728195222
2, 1.4422553387582202, 0.5000080621820467, 1.4142149902141499, 1.987236353251376e-05
3, 1.4422495703352232, 0.5000000000147997, 1.414213562375909, 1.439719454765509e-10
4, 1.4422495703074083, 0.49999999999999994, 1.414213562373095, 1.7763568394002505e-15
5, 1.4422495703074083, 0.5, 1.4142135623730951, 1.7763568394002505e-15
