h, n, error_in_RK2, e2h/eh
0.5, 10.0, 0.1863628308415528, 3.092838556373476, 0.5763901487016625
0.4, 13.0, 0.8763252707874383, 1.3101512856360253, 1.1481186801575003
0.3, 17.0, 0.3040001649921642, 3.290713946676422, 1.0003775827316481
0.2, 25.0, 0.035017010374524205, 25.025702120618153, 0.8763252707874383
0.1, 50.0, 0.009230502441958777, 3.7936191008789066, 0.035017010374524205
