n, h, EstimateIntegral, eh, e2h/eh
1, 3.141592653589793, 1.9236706937217898e-16, 1.9999999999999998, -
2, 1.5707963267948966, 1.570796326794897, 0.429203673205103, 4.659792366325491
4, 0.7853981633974483, 1.8961188979370398, 0.1038811020629602, 4.131681939078501
8, 0.39269908169872414, 1.9742316019455508, 0.025768398054449193, 4.031337215586981
16, 0.19634954084936207, 1.9935703437723395, 0.006429656227660452, 4.007741182739018
32, 0.09817477042468103, 1.998393360970144, 0.0016066390298559163, 4.001929561139234
64, 0.04908738521234052, 1.9995983886400375, 0.00040161135996252817, 4.000482033192044
128, 0.02454369260617026, 1.9998996001842038, 0.00010039981579623714, 4.000120486053522
